title,price,image,category,colour,image_url
Turtle Check Men Navy Blue Shirt,44.4,15970.jpg,Shirts,Navy Blue,https://raw.githubusercontent.com/Delocy/rdai-project/main/data/images/15970.jpg
Peter England Men Party Blue Jeans,78.55,39386.jpg,Jeans,Blue,https://raw.githubusercontent.com/Delocy/rdai-project/main/data/images/39386.jpg
Titan Women Silver Watch,204.59,59263.jpg,Watches,Silver,https://raw.githubusercontent.com/Delocy/rdai-project/main/data/images/59263.jpg
Manchester United Men Solid Black Track Pants,48.62,21379.jpg,Track Pants,Black,https://raw.githubusercontent.com/Delocy/rdai-project/main/data/images/21379.jpg
Puma Men Grey T-shirt,17.41,53759.jpg,Tshirts,Grey,https://raw.githubusercontent.com/Delocy/rdai-project/main/data/images/53759.jpg
Inkfruit Mens Chain Reaction T-shirt,17.08,1855.jpg,Tshirts,Grey,https://raw.githubusercontent.com/Delocy/rdai-project/main/data/images/1855.jpg
Fabindia Men Striped Green Shirt,22.77,30805.jpg,Shirts,Green,https://raw.githubusercontent.com/Delocy/rdai-project/main/data/images/30805.jpg
Jealous 21 Women Purple Shirt,48.26,26960.jpg,Shirts,Purple,https://raw.githubusercontent.com/Delocy/rdai-project/main/data/images/26960.jpg
Puma Men Pack of 3 Socks,26.31,29114.jpg,Socks,Navy Blue,https://raw.githubusercontent.com/Delocy/rdai-project/main/data/images/29114.jpg
Skagen Men Black Watch,154.62,30039.jpg,Watches,Black,https://raw.githubusercontent.com/Delocy/rdai-project/main/data/images/30039.jpg
Puma Men Future Cat Remix SF Black Casual Shoes,36.05,9204.jpg,Casual Shoes,Black,https://raw.githubusercontent.com/Delocy/rdai-project/main/data/images/9204.jpg
Fossil Women Black Huarache Weave Belt,27.8,48123.jpg,Belts,Black,https://raw.githubusercontent.com/Delocy/rdai-project/main/data/images/48123.jpg
Fila Men Cush Flex Black Slippers,15.41,18653.jpg,Flip Flops,Black,https://raw.githubusercontent.com/Delocy/rdai-project/main/data/images/18653.jpg
Murcia Women Blue Handbag,89.06,47957.jpg,Handbags,Blue,https://raw.githubusercontent.com/Delocy/rdai-project/main/data/images/47957.jpg
Ben 10 Boys Navy Blue Slippers,21.43,46885.jpg,Flip Flops,Navy Blue,https://raw.githubusercontent.com/Delocy/rdai-project/main/data/images/46885.jpg
Reid & Taylor Men Check Purple Shirts,49.71,12369.jpg,Shirts,Purple,https://raw.githubusercontent.com/Delocy/rdai-project/main/data/images/12369.jpg
Police Men Black Dial Watch PL12889JVSB,194.18,29928.jpg,Watches,Black,https://raw.githubusercontent.com/Delocy/rdai-project/main/data/images/29928.jpg
Gini and Jony Girls Knit White Top,22.2,42419.jpg,Tops,White,https://raw.githubusercontent.com/Delocy/rdai-project/main/data/images/42419.jpg
Bwitch Beige Full-Coverage Bra BW335,24.71,51832.jpg,Bra,Beige,https://raw.githubusercontent.com/Delocy/rdai-project/main/data/images/51832.jpg
Baggit Women Brown Handbag,94.83,47359.jpg,Handbags,Brown,https://raw.githubusercontent.com/Delocy/rdai-project/main/data/images/47359.jpg
CASIO G-Shock Men Black Digital Watch G-7710-1DR G223,84.07,17429.jpg,Watches,Black,https://raw.githubusercontent.com/Delocy/rdai-project/main/data/images/17429.jpg
ADIDAS Men Spry M Black Sandals,32.09,12967.jpg,Sandals,Black,https://raw.githubusercontent.com/Delocy/rdai-project/main/data/images/12967.jpg
Timberland Unisex Rubber Sole Brush Shoe Accessories,27.45,6842.jpg,Shoe Accessories,Black,https://raw.githubusercontent.com/Delocy/rdai-project/main/data/images/6842.jpg
ADIDAS Men Lfc Auth Hood Grey Sweatshirts,71.03,13089.jpg,Sweatshirts,Grey,https://raw.githubusercontent.com/Delocy/rdai-project/main/data/images/13089.jpg
David Beckham Signature Men Deos,45.83,18461.jpg,Deodorant,White,https://raw.githubusercontent.com/Delocy/rdai-project/main/data/images/18461.jpg
Buckaroo Men Flores Black Formal Shoes,141.84,9036.jpg,Formal Shoes,Black,https://raw.githubusercontent.com/Delocy/rdai-project/main/data/images/9036.jpg
Pitaraa Women Bronze Beaded Bracelet,26.15,48311.jpg,Bracelet,Bronze,https://raw.githubusercontent.com/Delocy/rdai-project/main/data/images/48311.jpg
Fila Men's Round Neck Navy Blue T-shirt,31.04,7990.jpg,Tshirts,Navy Blue,https://raw.githubusercontent.com/Delocy/rdai-project/main/data/images/7990.jpg
Colorbar Soft Touch Show Stopper Copper Lipstick 037,52.53,56019.jpg,Lipstick,Brown,https://raw.githubusercontent.com/Delocy/rdai-project/main/data/images/56019.jpg
Murcia Women Casual Brown Handbag,44.16,21977.jpg,Handbags,Brown,https://raw.githubusercontent.com/Delocy/rdai-project/main/data/images/21977.jpg
John Players Men Navy Blue Shirt,23.91,37812.jpg,Shirts,Navy Blue,https://raw.githubusercontent.com/Delocy/rdai-project/main/data/images/37812.jpg
Disney Kids Boy's Crew Sea Life Sialing Green Teen Kidswear,12.56,4729.jpg,Tshirts,Green,https://raw.githubusercontent.com/Delocy/rdai-project/main/data/images/4729.jpg
John Players Men Brown Shirt,46.46,56825.jpg,Shirts,Brown,https://raw.githubusercontent.com/Delocy/rdai-project/main/data/images/56825.jpg
Gas Men Europa White Shoes,77.06,39988.jpg,Casual Shoes,White,https://raw.githubusercontent.com/Delocy/rdai-project/main/data/images/39988.jpg
Carlton London Women Black & Gold Toned Flats,67.45,59051.jpg,Flats,Black,https://raw.githubusercontent.com/Delocy/rdai-project/main/data/images/59051.jpg
Diva Women Embroided Green Kurta,20.56,20099.jpg,Kurtas,Green,https://raw.githubusercontent.com/Delocy/rdai-project/main/data/images/20099.jpg
Rocky S Women White Handbag,79.02,58183.jpg,Handbags,White,https://raw.githubusercontent.com/Delocy/rdai-project/main/data/images/58183.jpg
Kiara Women Teal Handbag,83.46,29742.jpg,Handbags,Teal,https://raw.githubusercontent.com/Delocy/rdai-project/main/data/images/29742.jpg
Fossil Women Copper Chronograph Watch CH2589,122.08,51658.jpg,Watches,Copper,https://raw.githubusercontent.com/Delocy/rdai-project/main/data/images/51658.jpg
Jealous 21 Women's Pink T-shirt,15.05,3954.jpg,Tshirts,Pink,https://raw.githubusercontent.com/Delocy/rdai-project/main/data/images/3954.jpg
Peter England Men Formal Black Belt,22.0,18839.jpg,Belts,Black,https://raw.githubusercontent.com/Delocy/rdai-project/main/data/images/18839.jpg
Catwalk Women Leather Brown Flats,68.99,2886.jpg,Flats,Brown,https://raw.githubusercontent.com/Delocy/rdai-project/main/data/images/2886.jpg
Maxima Ssteele Men Off White Watch,126.6,23278.jpg,Watches,Off White,https://raw.githubusercontent.com/Delocy/rdai-project/main/data/images/23278.jpg
W Women Printed Beige Kurta,41.97,28690.jpg,Kurtas,Beige,https://raw.githubusercontent.com/Delocy/rdai-project/main/data/images/28690.jpg
Scullers Men  Grey Waistcoat,36.43,8580.jpg,Waistcoat,Grey,https://raw.githubusercontent.com/Delocy/rdai-project/main/data/images/8580.jpg
Nike Men's Incinerate MSL White Blue Shoe,77.77,3168.jpg,Sports Shoes,White,https://raw.githubusercontent.com/Delocy/rdai-project/main/data/images/3168.jpg
Puma Men Long Logo Black Bermuda,46.84,18005.jpg,Shorts,Black,https://raw.githubusercontent.com/Delocy/rdai-project/main/data/images/18005.jpg
Levis Men Boxer Maroon Brief,27.19,17871.jpg,Briefs,Maroon,https://raw.githubusercontent.com/Delocy/rdai-project/main/data/images/17871.jpg
John Miller Men Stripes White Red Shirts,39.05,9452.jpg,Shirts,Red,https://raw.githubusercontent.com/Delocy/rdai-project/main/data/images/9452.jpg
Baggit Women Hood Dabang Black Belt,18.28,38402.jpg,Belts,Black,https://raw.githubusercontent.com/Delocy/rdai-project/main/data/images/38402.jpg
Maxima Women White Dial Watch,178.56,44984.jpg,Watches,White,https://raw.githubusercontent.com/Delocy/rdai-project/main/data/images/44984.jpg
Clarks Men Hang Work Leather Black Formal Shoes,126.56,10268.jpg,Formal Shoes,Black,https://raw.githubusercontent.com/Delocy/rdai-project/main/data/images/10268.jpg
Vishudh Women Brown Kurta,23.93,45856.jpg,Kurtas,Brown,https://raw.githubusercontent.com/Delocy/rdai-project/main/data/images/45856.jpg
Playboy Men Blue Titanium Briefs,67.34,32138.jpg,Briefs,Blue,https://raw.githubusercontent.com/Delocy/rdai-project/main/data/images/32138.jpg
Arrow Men Black Formal Shoes,70.76,59435.jpg,Formal Shoes,Black,https://raw.githubusercontent.com/Delocy/rdai-project/main/data/images/59435.jpg
Puma Men's Stripe Polo Black T-shirt,23.01,5891.jpg,Tshirts,Black,https://raw.githubusercontent.com/Delocy/rdai-project/main/data/images/5891.jpg
Nike Women Purple Polo T-shirt,18.96,38630.jpg,Tshirts,Purple,https://raw.githubusercontent.com/Delocy/rdai-project/main/data/images/38630.jpg
Gini and Jony Boy's Kaleb White Brown Kidswear,54.43,4943.jpg,Shirts,White,https://raw.githubusercontent.com/Delocy/rdai-project/main/data/images/4943.jpg
Carrera Men Dial steel finish strap Silver Watches,151.42,11188.jpg,Watches,Silver,https://raw.githubusercontent.com/Delocy/rdai-project/main/data/images/11188.jpg
Wrangler Men Motor Rider Red T-Shirts,12.69,10866.jpg,Tshirts,Red,https://raw.githubusercontent.com/Delocy/rdai-project/main/data/images/10866.jpg
FNF Pink & Grey Wedding Collection Sari,48.66,59607.jpg,Sarees,Grey,https://raw.githubusercontent.com/Delocy/rdai-project/main/data/images/59607.jpg
Puma Men Scribble Black Tshirts,18.29,15528.jpg,Tshirts,Black,https://raw.githubusercontent.com/Delocy/rdai-project/main/data/images/15528.jpg
CASIO EDIFICE Men Black Dial Chronograph Watch ED60,209.83,45258.jpg,Watches,Black,https://raw.githubusercontent.com/Delocy/rdai-project/main/data/images/45258.jpg
French Connection Women Beige Handbag,114.75,42841.jpg,Handbags,Beige,https://raw.githubusercontent.com/Delocy/rdai-project/main/data/images/42841.jpg
Timberland Men Black Casual Shoes,48.41,22198.jpg,Casual Shoes,Black,https://raw.githubusercontent.com/Delocy/rdai-project/main/data/images/22198.jpg
Vans Men Classic Slip-On Purple & Black Shoes,91.62,29570.jpg,Casual Shoes,Purple,https://raw.githubusercontent.com/Delocy/rdai-project/main/data/images/29570.jpg
Police Women Passion Perfume,30.75,43993.jpg,Perfume and Body Mist,Pink,https://raw.githubusercontent.com/Delocy/rdai-project/main/data/images/43993.jpg
ADIDAS Men's Lowell White Silver Shoe,89.89,6628.jpg,Sports Shoes,White,https://raw.githubusercontent.com/Delocy/rdai-project/main/data/images/6628.jpg
Do U Speak Green Men Blue Shorts,57.83,54924.jpg,Shorts,Blue,https://raw.githubusercontent.com/Delocy/rdai-project/main/data/images/54924.jpg
ID Men Red Shoes,41.35,26538.jpg,Casual Shoes,Red,https://raw.githubusercontent.com/Delocy/rdai-project/main/data/images/26538.jpg
Peperone Women Black & White Handbag,86.28,35913.jpg,Handbags,Black,https://raw.githubusercontent.com/Delocy/rdai-project/main/data/images/35913.jpg
Vans Men Khaki Shoes,95.06,49495.jpg,Casual Shoes,Khaki,https://raw.githubusercontent.com/Delocy/rdai-project/main/data/images/49495.jpg
Indigo Nation Men Reversible Bling Pink Shirts,26.59,9660.jpg,Shirts,Pink,https://raw.githubusercontent.com/Delocy/rdai-project/main/data/images/9660.jpg
Nike Women Black T-shirt,24.26,2288.jpg,Tshirts,Black,https://raw.githubusercontent.com/Delocy/rdai-project/main/data/images/2288.jpg
ADIDAS Men Blue Sweatshirt,36.29,23876.jpg,Sweatshirts,Blue,https://raw.githubusercontent.com/Delocy/rdai-project/main/data/images/23876.jpg
Manchester United Men Solid Red Tshirt,17.51,18237.jpg,Tshirts,Red,https://raw.githubusercontent.com/Delocy/rdai-project/main/data/images/18237.jpg
Rocia Women Black Flats,98.3,54118.jpg,Heels,Black,https://raw.githubusercontent.com/Delocy/rdai-project/main/data/images/54118.jpg
Catwalk Women Leather Flats,101.49,2872.jpg,Heels,Brown,https://raw.githubusercontent.com/Delocy/rdai-project/main/data/images/2872.jpg
Mineral Women Green Top,30.99,49653.jpg,Tops,Green,https://raw.githubusercontent.com/Delocy/rdai-project/main/data/images/49653.jpg
Crocs Dora Boots Pink Sandals,35.39,8574.jpg,Sandals,Pink,https://raw.githubusercontent.com/Delocy/rdai-project/main/data/images/8574.jpg
Image Men Sunglasses,96.98,16957.jpg,Sunglasses,Black,https://raw.githubusercontent.com/Delocy/rdai-project/main/data/images/16957.jpg
Lotto Men XL Water Man Silver Slippers,12.54,19123.jpg,Flip Flops,Silver,https://raw.githubusercontent.com/Delocy/rdai-project/main/data/images/19123.jpg
United Colors of Benetton Men Solid Pink Polo T-shirts,16.7,13419.jpg,Tshirts,Pink,https://raw.githubusercontent.com/Delocy/rdai-project/main/data/images/13419.jpg
Levis Men Comfort Style Grey Innerwear Vest,28.76,17885.jpg,Innerwear Vests,Grey,https://raw.githubusercontent.com/Delocy/rdai-project/main/data/images/17885.jpg
Reebok Men Black Possession Flip Flops,15.68,43369.jpg,Flip Flops,Black,https://raw.githubusercontent.com/Delocy/rdai-project/main/data/images/43369.jpg
Lucera Women Silver Pendant,57.2,48781.jpg,Pendant,Silver,https://raw.githubusercontent.com/Delocy/rdai-project/main/data/images/48781.jpg
Maxima Men White Dial Analog Chronograph Watch,95.25,44970.jpg,Watches,White,https://raw.githubusercontent.com/Delocy/rdai-project/main/data/images/44970.jpg
Peter England Unisex Orange Sleeve Bag,61.75,39524.jpg,Laptop Bag,Orange,https://raw.githubusercontent.com/Delocy/rdai-project/main/data/images/39524.jpg
Puma Men Axis White & Grey Sports Shoes,45.13,33822.jpg,Sports Shoes,White,https://raw.githubusercontent.com/Delocy/rdai-project/main/data/images/33822.jpg
Tonga Women Maroon Top,25.58,58513.jpg,Tops,Off White,https://raw.githubusercontent.com/Delocy/rdai-project/main/data/images/58513.jpg
Femella Women Brown Scarf,40.15,25947.jpg,Scarves,Brown,https://raw.githubusercontent.com/Delocy/rdai-project/main/data/images/25947.jpg
ADIDAS Men's Twelve Faster T-shirt,24.96,5865.jpg,Tshirts,Black,https://raw.githubusercontent.com/Delocy/rdai-project/main/data/images/5865.jpg
Arrow Woman Women Blue Dress,48.33,39716.jpg,Dresses,Blue,https://raw.githubusercontent.com/Delocy/rdai-project/main/data/images/39716.jpg
Levis Men Red Brief,41.87,25349.jpg,Briefs,Red,https://raw.githubusercontent.com/Delocy/rdai-project/main/data/images/25349.jpg
Ganuchi Men Casual Black Sandals,39.1,11940.jpg,Sandals,Black,https://raw.githubusercontent.com/Delocy/rdai-project/main/data/images/11940.jpg
SDL by Sweet Dreams Women Green Printed Night Suit S11-3124,71.26,55802.jpg,Night suits,White,https://raw.githubusercontent.com/Delocy/rdai-project/main/data/images/55802.jpg
Indigo Nation Men Printed Black T-shirt,25.7,29584.jpg,Tshirts,Black,https://raw.githubusercontent.com/Delocy/rdai-project/main/data/images/29584.jpg
DKNY Women Red Delicious Perfume,68.5,43967.jpg,Perfume and Body Mist,Red,https://raw.githubusercontent.com/Delocy/rdai-project/main/data/images/43967.jpg
Urban Yoga Women Blue Skirt With Leggings,67.11,28456.jpg,Skirts,Blue,https://raw.githubusercontent.com/Delocy/rdai-project/main/data/images/28456.jpg
Gini and Jony Girls Black Top,36.33,34009.jpg,Tops,Black,https://raw.githubusercontent.com/Delocy/rdai-project/main/data/images/34009.jpg
Nike Men Air Rift MTR White Casual Shoe,59.7,19311.jpg,Casual Shoes,White,https://raw.githubusercontent.com/Delocy/rdai-project/main/data/images/19311.jpg
ADIDAS Men White Corona Sports Shoes,74.4,42089.jpg,Sports Shoes,White,https://raw.githubusercontent.com/Delocy/rdai-project/main/data/images/42089.jpg
Fastrack Unisex Black Dial Watch 9915PP13,87.71,22950.jpg,Watches,Black,https://raw.githubusercontent.com/Delocy/rdai-project/main/data/images/22950.jpg
Vans Men Blue Era Scilla Plaid Shoes,43.41,49461.jpg,Casual Shoes,Blue,https://raw.githubusercontent.com/Delocy/rdai-project/main/data/images/49461.jpg
Crocs Kids Navy Blue Clogs,12.55,8746.jpg,Flip Flops,Navy Blue,https://raw.githubusercontent.com/Delocy/rdai-project/main/data/images/8746.jpg
Classic Polo Men Vulcan White Polo Tshirts,18.1,9694.jpg,Tshirts,White,https://raw.githubusercontent.com/Delocy/rdai-project/main/data/images/9694.jpg
Fila Men Destiny Grey Sports Shoes,115.32,23882.jpg,Sports Shoes,Grey,https://raw.githubusercontent.com/Delocy/rdai-project/main/data/images/23882.jpg
ADIDAS Men Blue Chill Sports Shoes,93.1,34835.jpg,Sports Shoes,Blue,https://raw.githubusercontent.com/Delocy/rdai-project/main/data/images/34835.jpg
Turtle Check Men Yellow Shirt,31.31,15984.jpg,Shirts,Yellow,https://raw.githubusercontent.com/Delocy/rdai-project/main/data/images/15984.jpg
Arrow Men Black Wallet,18.87,41268.jpg,Wallets,Black,https://raw.githubusercontent.com/Delocy/rdai-project/main/data/images/41268.jpg
Catwalk Women Gun Metal Grey Heels,37.85,11518.jpg,Heels,Grey,https://raw.githubusercontent.com/Delocy/rdai-project/main/data/images/11518.jpg
United Colors of Benetton Women Solid Beige Wallets,46.53,14856.jpg,Wallets,Beige,https://raw.githubusercontent.com/Delocy/rdai-project/main/data/images/14856.jpg
Lotto Men Ridge Brown Sandals,34.24,33648.jpg,Sandals,Brown,https://raw.githubusercontent.com/Delocy/rdai-project/main/data/images/33648.jpg
U.S. Polo Assn. Men White & Navy Blue Shirt,38.61,59297.jpg,Shirts,White,https://raw.githubusercontent.com/Delocy/rdai-project/main/data/images/59297.jpg
Jockey ELANCE Men Bikini White Brief 1005,66.75,28032.jpg,Briefs,White,https://raw.githubusercontent.com/Delocy/rdai-project/main/data/images/28032.jpg
Scullers For Her Charcoal Blazer,40.61,27846.jpg,Blazers,Charcoal,https://raw.githubusercontent.com/Delocy/rdai-project/main/data/images/27846.jpg
Jealous 21 Women Black Jeans,75.62,26994.jpg,Jeans,Black,https://raw.githubusercontent.com/Delocy/rdai-project/main/data/images/26994.jpg
iPanema Women Red Flip Flops,7.6,49839.jpg,Flip Flops,Red,https://raw.githubusercontent.com/Delocy/rdai-project/main/data/images/49839.jpg
Fabindia Women Blue Silk Sling Bag,39.05,31923.jpg,Handbags,Blue,https://raw.githubusercontent.com/Delocy/rdai-project/main/data/images/31923.jpg
Carlton London Women Silver Wedge Sandal,59.28,2618.jpg,Flats,Silver,https://raw.githubusercontent.com/Delocy/rdai-project/main/data/images/2618.jpg
Sushilas Women Printed Green Kurta,23.86,54588.jpg,Kurtas,Green,https://raw.githubusercontent.com/Delocy/rdai-project/main/data/images/54588.jpg
Lucera Women Silver Ring,58.24,49005.jpg,Ring,Silver,https://raw.githubusercontent.com/Delocy/rdai-project/main/data/images/49005.jpg
Doodle Boy's Route 66 Biker Blue Teen Kidswear,27.73,8322.jpg,Tshirts,Blue,https://raw.githubusercontent.com/Delocy/rdai-project/main/data/images/8322.jpg
ADIDAS Unisex Three Small Dials White Watches,197.61,13841.jpg,Watches,White,https://raw.githubusercontent.com/Delocy/rdai-project/main/data/images/13841.jpg
Ray-Ban Men Active Lifestyle Copper Sunglasses,107.67,28200.jpg,Sunglasses,Copper,https://raw.githubusercontent.com/Delocy/rdai-project/main/data/images/28200.jpg
ADIDAS Kids Adispeed Black Sports Shoes,42.78,12993.jpg,Sports Shoes,Black,https://raw.githubusercontent.com/Delocy/rdai-project/main/data/images/12993.jpg
Scullers Men  Green Check Shirt,51.13,7158.jpg,Shirts,Green,https://raw.githubusercontent.com/Delocy/rdai-project/main/data/images/7158.jpg
Puma Men Fashion Cat White Slipper,48.78,18495.jpg,Sandals,White,https://raw.githubusercontent.com/Delocy/rdai-project/main/data/images/18495.jpg
Fastrack Men Economy 2 Analg Black Watch,188.48,8110.jpg,Watches,Black,https://raw.githubusercontent.com/Delocy/rdai-project/main/data/images/8110.jpg
United Colors of Benetton Men Solid Blue Sweatshirt,59.97,19547.jpg,Sweatshirts,Blue,https://raw.githubusercontent.com/Delocy/rdai-project/main/data/images/19547.jpg
Puma Men's Large Logo Graphic Black T-shirt,31.86,7964.jpg,Tshirts,Black,https://raw.githubusercontent.com/Delocy/rdai-project/main/data/images/7964.jpg
Giorgio Armani Women Idole Perfume,58.36,36934.jpg,Perfume and Body Mist,Gold,https://raw.githubusercontent.com/Delocy/rdai-project/main/data/images/36934.jpg
Aneri Women Black & Maroon Salwar Suit,61.62,39140.jpg,Kurta Sets,Black,https://raw.githubusercontent.com/Delocy/rdai-project/main/data/images/39140.jpg
Spice Art Women Ribbon Embroidery Red Clutch,51.94,20851.jpg,Clutches,Red,https://raw.githubusercontent.com/Delocy/rdai-project/main/data/images/20851.jpg
Estd. 1977 Men Beige & Green Sandals,35.09,41866.jpg,Sandals,Beige,https://raw.githubusercontent.com/Delocy/rdai-project/main/data/images/41866.jpg
Rocky S Women Brown Handbag,83.27,58177.jpg,Handbags,Brown,https://raw.githubusercontent.com/Delocy/rdai-project/main/data/images/58177.jpg
Coolers Men Black Sandals,25.42,44528.jpg,Sandals,Black,https://raw.githubusercontent.com/Delocy/rdai-project/main/data/images/44528.jpg
Levis Men Check Red Shirts,47.3,16392.jpg,Shirts,Red,https://raw.githubusercontent.com/Delocy/rdai-project/main/data/images/16392.jpg
Tonga Women Pink Printed Shrug,66.48,51455.jpg,Shrug,Pink,https://raw.githubusercontent.com/Delocy/rdai-project/main/data/images/51455.jpg
Chromozome Men Grey Briefs,66.91,50587.jpg,Briefs,Grey,https://raw.githubusercontent.com/Delocy/rdai-project/main/data/images/50587.jpg
U.S. Polo Assn. Men Stripes Black  Polo Tshirt,27.73,17240.jpg,Tshirts,Black,https://raw.githubusercontent.com/Delocy/rdai-project/main/data/images/17240.jpg
Portia Women Copper-Toned & Brown Sandals,29.39,47530.jpg,Flats,Copper,https://raw.githubusercontent.com/Delocy/rdai-project/main/data/images/47530.jpg
Spykar Men Black and white Check Shirt,45.88,6617.jpg,Shirts,Black,https://raw.githubusercontent.com/Delocy/rdai-project/main/data/images/6617.jpg
Nike Unisex Swoosh Black Backpack,26.79,12732.jpg,Backpacks,Black,https://raw.githubusercontent.com/Delocy/rdai-project/main/data/images/12732.jpg
Myntra Men's Brain Black T-shirt,17.97,3365.jpg,Tshirts,Black,https://raw.githubusercontent.com/Delocy/rdai-project/main/data/images/3365.jpg
Nike Men Air Relentless 2 MSL White Sports Shoes,93.79,42042.jpg,Sports Shoes,White,https://raw.githubusercontent.com/Delocy/rdai-project/main/data/images/42042.jpg
ADIDAS Men Black Anzo Breeze Casual Shoes,37.11,23849.jpg,Casual Shoes,Black,https://raw.githubusercontent.com/Delocy/rdai-project/main/data/images/23849.jpg
Fastrack Women White Dial Watch,172.5,43190.jpg,Watches,White,https://raw.githubusercontent.com/Delocy/rdai-project/main/data/images/43190.jpg
Revv Men Steel Bracelet,62.56,48578.jpg,Bracelet,Steel,https://raw.githubusercontent.com/Delocy/rdai-project/main/data/images/48578.jpg
Lovable Women All Day Long Black Bra,48.0,30462.jpg,Bra,Black,https://raw.githubusercontent.com/Delocy/rdai-project/main/data/images/30462.jpg
Manchester United Men Solid White Cap,42.49,18208.jpg,Caps,White,https://raw.githubusercontent.com/Delocy/rdai-project/main/data/images/18208.jpg
Rocia Women Black Heels,56.89,54127.jpg,Heels,Black,https://raw.githubusercontent.com/Delocy/rdai-project/main/data/images/54127.jpg
Puma Men ducati logo tee Yellow Tshirts,29.2,10065.jpg,Tshirts,Yellow,https://raw.githubusercontent.com/Delocy/rdai-project/main/data/images/10065.jpg
Numero Uno Men White Casual Shoes,46.61,24250.jpg,Casual Shoes,White,https://raw.githubusercontent.com/Delocy/rdai-project/main/data/images/24250.jpg
Q&Q Men Silver-Toned Dial Analogue Watch Q252J404Y,117.12,32335.jpg,Watches,Silver,https://raw.githubusercontent.com/Delocy/rdai-project/main/data/images/32335.jpg
Levis Men White Innerwear Vest,38.46,25382.jpg,Innerwear Vests,White,https://raw.githubusercontent.com/Delocy/rdai-project/main/data/images/25382.jpg
Maxima Men Black Dial Watch,103.92,56670.jpg,Watches,Black,https://raw.githubusercontent.com/Delocy/rdai-project/main/data/images/56670.jpg
Wrangler Men's Minstrel Shoulder Loop Purple T-shirt,15.96,5092.jpg,Tshirts,Purple,https://raw.githubusercontent.com/Delocy/rdai-project/main/data/images/5092.jpg
Wrangler Men Furious Rides Navy Blue T-Shirts,16.95,10859.jpg,Tshirts,Navy Blue,https://raw.githubusercontent.com/Delocy/rdai-project/main/data/images/10859.jpg
FNF Green Wedding Collection Sari,57.16,59638.jpg,Sarees,Green,https://raw.githubusercontent.com/Delocy/rdai-project/main/data/images/59638.jpg
Rockport Men LLandro Red Casual Shoes,89.02,15517.jpg,Casual Shoes,Red,https://raw.githubusercontent.com/Delocy/rdai-project/main/data/images/15517.jpg
Skechers Women Green Shoe,38.64,4140.jpg,Casual Shoes,Green,https://raw.githubusercontent.com/Delocy/rdai-project/main/data/images/4140.jpg
Maxima Men Ssteele Silver Dial Watch,97.29,36795.jpg,Watches,Silver,https://raw.githubusercontent.com/Delocy/rdai-project/main/data/images/36795.jpg
Titan Men Gold Dial Watch,174.18,40527.jpg,Watches,Gold,https://raw.githubusercontent.com/Delocy/rdai-project/main/data/images/40527.jpg
John Miller Men Solid Type Black Trousers,42.62,10257.jpg,Trousers,Black,https://raw.githubusercontent.com/Delocy/rdai-project/main/data/images/10257.jpg
Locomotive Men Navy Blue Printed T-shirt,17.98,24062.jpg,Tshirts,Navy Blue,https://raw.githubusercontent.com/Delocy/rdai-project/main/data/images/24062.jpg
Maxima Men Brown Dial Watch,173.77,45869.jpg,Watches,Brown,https://raw.githubusercontent.com/Delocy/rdai-project/main/data/images/45869.jpg
United Colors Of Benetton Women Light Winter Black Sweatshirts,63.02,11385.jpg,Sweatshirts,Black,https://raw.githubusercontent.com/Delocy/rdai-project/main/data/images/11385.jpg
Catwalk Women Brown Sandals,30.97,53130.jpg,Flats,Brown,https://raw.githubusercontent.com/Delocy/rdai-project/main/data/images/53130.jpg
Nike Fragrances Women 5th Element Perfume 150 ml,31.94,44187.jpg,Perfume and Body Mist,White,https://raw.githubusercontent.com/Delocy/rdai-project/main/data/images/44187.jpg
Kiara Women Graphiti White Handbag,45.04,21510.jpg,Handbags,White,https://raw.githubusercontent.com/Delocy/rdai-project/main/data/images/21510.jpg
Louis Philippe Men Grey Sunglasses,120.44,51667.jpg,Sunglasses,Grey,https://raw.githubusercontent.com/Delocy/rdai-project/main/data/images/51667.jpg
Mark Taylor Men Striped Blue Shirt,45.28,22395.jpg,Shirts,Blue,https://raw.githubusercontent.com/Delocy/rdai-project/main/data/images/22395.jpg
Fabindia Women Anusuya Silver Earrings,25.24,35322.jpg,Earrings,Silver,https://raw.githubusercontent.com/Delocy/rdai-project/main/data/images/35322.jpg
Lotto Unisex Canvas Black Check Shoe,76.86,6425.jpg,Casual Shoes,Black,https://raw.githubusercontent.com/Delocy/rdai-project/main/data/images/6425.jpg
Peter England Men Casual Tan Belt,33.83,18806.jpg,Belts,Tan,https://raw.githubusercontent.com/Delocy/rdai-project/main/data/images/18806.jpg
Arrow Men Formal Black Shoe,99.99,23247.jpg,Formal Shoes,Black,https://raw.githubusercontent.com/Delocy/rdai-project/main/data/images/23247.jpg
Lino Perros Women Weaved  Grey Belt,38.54,17072.jpg,Belts,Grey,https://raw.githubusercontent.com/Delocy/rdai-project/main/data/images/17072.jpg
Lee Women Paula Blue Top,35.28,31782.jpg,Tops,Blue,https://raw.githubusercontent.com/Delocy/rdai-project/main/data/images/31782.jpg
Vans Unisex Black & Grey Classic Shoes,78.49,42270.jpg,Casual Shoes,Black,https://raw.githubusercontent.com/Delocy/rdai-project/main/data/images/42270.jpg
United Colors of Benetton Men Short Black Shirts,53.4,12500.jpg,Shirts,Black,https://raw.githubusercontent.com/Delocy/rdai-project/main/data/images/12500.jpg
Reebok Men Pack of 2 Pirates of the Caribbean Deos,36.07,26735.jpg,Deodorant,Black,https://raw.githubusercontent.com/Delocy/rdai-project/main/data/images/26735.jpg
Nike Men Printed Black T-shirt,13.17,30650.jpg,Tshirts,Black,https://raw.githubusercontent.com/Delocy/rdai-project/main/data/images/30650.jpg
Colorbar Soft Touch Mousse Lipstick 025,64.94,56026.jpg,Lipstick,Brown,https://raw.githubusercontent.com/Delocy/rdai-project/main/data/images/56026.jpg
Murcia Women Casual Brown Handbag,70.36,21948.jpg,Handbags,Brown,https://raw.githubusercontent.com/Delocy/rdai-project/main/data/images/21948.jpg
ONLY Women directoire blue Trousers,47.29,32563.jpg,Trousers,Blue,https://raw.githubusercontent.com/Delocy/rdai-project/main/data/images/32563.jpg
Colour me Women Flowers Deo,37.79,58980.jpg,Deodorant,Pink,https://raw.githubusercontent.com/Delocy/rdai-project/main/data/images/58980.jpg
Gini and Jony Girls Pretty Blossom Blue Top,22.05,40143.jpg,Tops,Blue,https://raw.githubusercontent.com/Delocy/rdai-project/main/data/images/40143.jpg
Carlton London Men Formal Brown Formal Shoes,64.64,10633.jpg,Formal Shoes,Brown,https://raw.githubusercontent.com/Delocy/rdai-project/main/data/images/10633.jpg
Vishudh Women Red Printed Kurta,25.21,24406.jpg,Kurtas,Red,https://raw.githubusercontent.com/Delocy/rdai-project/main/data/images/24406.jpg
ADIDAS Unisex Response ST Analogue Black Watch,112.45,4716.jpg,Watches,Black,https://raw.githubusercontent.com/Delocy/rdai-project/main/data/images/4716.jpg
s.Oliver Women Stripes Beige Top,25.8,21174.jpg,Tops,Beige,https://raw.githubusercontent.com/Delocy/rdai-project/main/data/images/21174.jpg
Nike Women Solid Pink Shorts,35.13,15341.jpg,Shorts,Pink,https://raw.githubusercontent.com/Delocy/rdai-project/main/data/images/15341.jpg
Red Rose Maroon Camisole,64.3,52486.jpg,Camisoles,Maroon,https://raw.githubusercontent.com/Delocy/rdai-project/main/data/images/52486.jpg
Probase Multicoloured Printed Boxers,30.95,53554.jpg,Boxers,Multi,https://raw.githubusercontent.com/Delocy/rdai-project/main/data/images/53554.jpg
Classic Polo Men Stripes Blue Tshirts,30.86,14293.jpg,Tshirts,Blue,https://raw.githubusercontent.com/Delocy/rdai-project/main/data/images/14293.jpg
Baggit Women Blue Bag,41.24,47366.jpg,Handbags,Blue,https://raw.githubusercontent.com/Delocy/rdai-project/main/data/images/47366.jpg
UCB Men's Polo Neck With Lion Logo Navy Blue T-shirt,27.34,6041.jpg,Tshirts,Navy Blue,https://raw.githubusercontent.com/Delocy/rdai-project/main/data/images/6041.jpg
Doodle Kids Girls Pink I love Shopping Top,18.14,23623.jpg,Tops,Pink,https://raw.githubusercontent.com/Delocy/rdai-project/main/data/images/23623.jpg
Lotto Men Atlantica Black Sports Shoe,57.5,17416.jpg,Sports Shoes,Black,https://raw.githubusercontent.com/Delocy/rdai-project/main/data/images/17416.jpg
Little Miss Women Printed Grey T-shirt,26.17,9835.jpg,Tshirts,Grey,https://raw.githubusercontent.com/Delocy/rdai-project/main/data/images/9835.jpg
ADIDAS Unisex Chicago Bulls Red Backpack,53.45,29319.jpg,Backpacks,Red,https://raw.githubusercontent.com/Delocy/rdai-project/main/data/images/29319.jpg
Jealous 21 Women Black Jegging,49.73,7193.jpg,Jeans,Black,https://raw.githubusercontent.com/Delocy/rdai-project/main/data/images/7193.jpg
ADIDAS Men Sports Black Sports Shoes,103.66,12958.jpg,Sports Shoes,Black,https://raw.githubusercontent.com/Delocy/rdai-project/main/data/images/12958.jpg
Mother Earth Women Magenta Kurta,19.05,27283.jpg,Kurtas,Magenta,https://raw.githubusercontent.com/Delocy/rdai-project/main/data/images/27283.jpg
Numero Uno Men Black Flip Flops,9.54,30234.jpg,Flip Flops,Black,https://raw.githubusercontent.com/Delocy/rdai-project/main/data/images/30234.jpg
Murcia Women Snake Print Bag Brown Handbags,61.62,9009.jpg,Handbags,Brown,https://raw.githubusercontent.com/Delocy/rdai-project/main/data/images/9009.jpg
Myntra Men's If You Don't Like Navy Blue T-shirt,14.77,3533.jpg,Tshirts,Navy Blue,https://raw.githubusercontent.com/Delocy/rdai-project/main/data/images/3533.jpg
Estelle Women Earrings & Pendant Set,26.93,42614.jpg,Jewellery Set,Gold,https://raw.githubusercontent.com/Delocy/rdai-project/main/data/images/42614.jpg
Aurelia Women Voile Orange Dupatta,67.11,12164.jpg,Dupatta,Orange,https://raw.githubusercontent.com/Delocy/rdai-project/main/data/images/12164.jpg
DKNY Women White Dial Watch NY8472,195.54,26351.jpg,Watches,White,https://raw.githubusercontent.com/Delocy/rdai-project/main/data/images/26351.jpg
ADIDAS Men Solid Navy Blue Track Pant,56.47,17624.jpg,Track Pants,Navy Blue,https://raw.githubusercontent.com/Delocy/rdai-project/main/data/images/17624.jpg
Gini and Jony Girls Black Capris,35.02,47154.jpg,Capris,Black,https://raw.githubusercontent.com/Delocy/rdai-project/main/data/images/47154.jpg
Gliders Men Esquire Red Flip Flops,14.9,35574.jpg,Flip Flops,Red,https://raw.githubusercontent.com/Delocy/rdai-project/main/data/images/35574.jpg
ADIDAS Women Lavender Hagkok Sports Shoes,53.98,46086.jpg,Sports Shoes,Lavender,https://raw.githubusercontent.com/Delocy/rdai-project/main/data/images/46086.jpg
Enamor White Bra,33.73,51031.jpg,Bra,White,https://raw.githubusercontent.com/Delocy/rdai-project/main/data/images/51031.jpg
Gini and Jony Kids Boys Solid Black Shorts,61.64,13284.jpg,Shorts,Black,https://raw.githubusercontent.com/Delocy/rdai-project/main/data/images/13284.jpg
F Sports Men White Outlander Sports Shoes,107.9,54543.jpg,Sports Shoes,White,https://raw.githubusercontent.com/Delocy/rdai-project/main/data/images/54543.jpg
Revlon Gold Dust Poussiere Doree Colorburst Lip Gloss 024,59.16,55491.jpg,Lip Gloss,Brown,https://raw.githubusercontent.com/Delocy/rdai-project/main/data/images/55491.jpg
John Miller Men Dark Grey Trousers,58.37,26163.jpg,Trousers,Grey,https://raw.githubusercontent.com/Delocy/rdai-project/main/data/images/26163.jpg
Tantra Women Flower Heart Black Long T-shirt,12.93,3701.jpg,Tshirts,Black,https://raw.githubusercontent.com/Delocy/rdai-project/main/data/images/3701.jpg
Police Men White Dial Watch PL12698JS,199.79,29917.jpg,Watches,White,https://raw.githubusercontent.com/Delocy/rdai-project/main/data/images/29917.jpg
Aurelia Women Sea Green Kurta,34.65,42426.jpg,Kurtas,Sea Green,https://raw.githubusercontent.com/Delocy/rdai-project/main/data/images/42426.jpg
FILA Men Liga II Black Shoes,80.83,32751.jpg,Casual Shoes,Black,https://raw.githubusercontent.com/Delocy/rdai-project/main/data/images/32751.jpg
Estelle Women Gold Earrings,40.88,56214.jpg,Earrings,Gold,https://raw.githubusercontent.com/Delocy/rdai-project/main/data/images/56214.jpg
Jealous 21 Women Uaine Purple Tops,27.26,10401.jpg,Tops,Purple,https://raw.githubusercontent.com/Delocy/rdai-project/main/data/images/10401.jpg
Tokyo Talkies Women Navy Slim Fit Jeans,27.7,40371.jpg,Jeans,Navy Blue,https://raw.githubusercontent.com/Delocy/rdai-project/main/data/images/40371.jpg
Pal Zileri Men Casual Gold Frame Sunglasses,116.48,21346.jpg,Sunglasses,Gold,https://raw.githubusercontent.com/Delocy/rdai-project/main/data/images/21346.jpg
Arrow Men Black Formal Shoes,66.17,45603.jpg,Formal Shoes,Black,https://raw.githubusercontent.com/Delocy/rdai-project/main/data/images/45603.jpg
Puma Men's YugoRun Black White Shoe,65.94,4524.jpg,Sports Shoes,Black,https://raw.githubusercontent.com/Delocy/rdai-project/main/data/images/4524.jpg
United Colors of Benetton Women Blue Top,23.92,37223.jpg,Tops,Blue,https://raw.githubusercontent.com/Delocy/rdai-project/main/data/images/37223.jpg
Puma Men White and Navy Blue T-shirt,15.66,53766.jpg,Tshirts,White,https://raw.githubusercontent.com/Delocy/rdai-project/main/data/images/53766.jpg
Doodle Kids Girls City Chic White Top,31.05,25520.jpg,Tops,White,https://raw.githubusercontent.com/Delocy/rdai-project/main/data/images/25520.jpg
ONLY Women Black Top,31.28,32597.jpg,Tops,Black,https://raw.githubusercontent.com/Delocy/rdai-project/main/data/images/32597.jpg
Colour me Men Gold Deo,45.42,58974.jpg,Deodorant,Gold,https://raw.githubusercontent.com/Delocy/rdai-project/main/data/images/58974.jpg
Baggit Women Lamboo Mayur Black Wallet,28.48,33445.jpg,Wallets,Black,https://raw.githubusercontent.com/Delocy/rdai-project/main/data/images/33445.jpg
Elle Women Dark Pink Top,15.4,57100.jpg,Tops,Pink,https://raw.githubusercontent.com/Delocy/rdai-project/main/data/images/57100.jpg
Nike Women Free Run Pink Sports Shoes,120.68,36137.jpg,Sports Shoes,Pink,https://raw.githubusercontent.com/Delocy/rdai-project/main/data/images/36137.jpg
Estd. 1977 Men Black Sandals,36.3,41859.jpg,Sandals,Black,https://raw.githubusercontent.com/Delocy/rdai-project/main/data/images/41859.jpg
ADIDAS Men Adi Cells Black Flip Flops,7.24,21180.jpg,Flip Flops,Black,https://raw.githubusercontent.com/Delocy/rdai-project/main/data/images/21180.jpg
GAS Men Brown Count Casual Shoes,57.25,39943.jpg,Casual Shoes,Brown,https://raw.githubusercontent.com/Delocy/rdai-project/main/data/images/39943.jpg
Red Rose Women White & Pink Polka Dot Print Bath Robe,41.81,52472.jpg,Bath Robe,Pink,https://raw.githubusercontent.com/Delocy/rdai-project/main/data/images/52472.jpg
Puma Unisex White Cap,57.58,58148.jpg,Caps,White,https://raw.githubusercontent.com/Delocy/rdai-project/main/data/images/58148.jpg
United Colors Of Benetton Women Yellow Muffler,68.88,20052.jpg,Mufflers,Yellow,https://raw.githubusercontent.com/Delocy/rdai-project/main/data/images/20052.jpg
ADIDAS Women's Adi Groove Blue Flip Flop,11.26,5630.jpg,Flip Flops,Blue,https://raw.githubusercontent.com/Delocy/rdai-project/main/data/images/5630.jpg
Coolers Men Brown Pokar Flip Flops,10.13,44517.jpg,Flip Flops,Brown,https://raw.githubusercontent.com/Delocy/rdai-project/main/data/images/44517.jpg
Baggit Women Beige Bag,86.95,47392.jpg,Handbags,Beige,https://raw.githubusercontent.com/Delocy/rdai-project/main/data/images/47392.jpg
Aurelia Women Navy Blue Kurta,19.68,50325.jpg,Kurtas,Navy Blue,https://raw.githubusercontent.com/Delocy/rdai-project/main/data/images/50325.jpg
Puma Men Cabana Racer Sketch White Sports Shoes,125.57,8913.jpg,Sports Shoes,White,https://raw.githubusercontent.com/Delocy/rdai-project/main/data/images/8913.jpg
Locomotive Men Check Red Shirt,59.82,16530.jpg,Shirts,Red,https://raw.githubusercontent.com/Delocy/rdai-project/main/data/images/16530.jpg
Nike Men White Capri II Casual Shoe,83.62,22705.jpg,Casual Shoes,White,https://raw.githubusercontent.com/Delocy/rdai-project/main/data/images/22705.jpg
Scullers Men Scul Purple White Shirt,22.86,7167.jpg,Shirts,Purple,https://raw.githubusercontent.com/Delocy/rdai-project/main/data/images/7167.jpg
Fusion Beats Women White Printed Tunic,24.45,46240.jpg,Tunics,White,https://raw.githubusercontent.com/Delocy/rdai-project/main/data/images/46240.jpg
Mother Earth Women Blue Kurta,18.77,27277.jpg,Kurtas,Green,https://raw.githubusercontent.com/Delocy/rdai-project/main/data/images/27277.jpg
Inc 5 Women Brown Heels,40.02,13042.jpg,Flats,Brown,https://raw.githubusercontent.com/Delocy/rdai-project/main/data/images/13042.jpg
Forever New Women Stone Cream Jacket,50.46,6889.jpg,Jackets,Cream,https://raw.githubusercontent.com/Delocy/rdai-project/main/data/images/6889.jpg
W Women Peach Kurta,49.29,31312.jpg,Kurtas,Peach,https://raw.githubusercontent.com/Delocy/rdai-project/main/data/images/31312.jpg
Basics Men Blue Slim Fit Checked Shirt,31.38,12190.jpg,Shirts,Blue,https://raw.githubusercontent.com/Delocy/rdai-project/main/data/images/12190.jpg
Catwalk Women Golden Wedges,105.35,55657.jpg,Heels,Gold,https://raw.githubusercontent.com/Delocy/rdai-project/main/data/images/55657.jpg
United Colors of Benetton Women Solid Purple Top,25.75,19578.jpg,Tops,Purple,https://raw.githubusercontent.com/Delocy/rdai-project/main/data/images/19578.jpg
Scullers For Her Women Blue Top,32.93,27879.jpg,Tops,Blue,https://raw.githubusercontent.com/Delocy/rdai-project/main/data/images/27879.jpg
Rocia Women Copper Sandals,48.6,34452.jpg,Flats,Copper,https://raw.githubusercontent.com/Delocy/rdai-project/main/data/images/34452.jpg
Classic Polo Men's Swiss Yellow T-shirt,11.17,6287.jpg,Tshirts,Yellow,https://raw.githubusercontent.com/Delocy/rdai-project/main/data/images/6287.jpg
Tantra Men's Black Sabbath Navy T-shirt,21.25,7355.jpg,Tshirts,Navy Blue,https://raw.githubusercontent.com/Delocy/rdai-project/main/data/images/7355.jpg
Lino Perros Men Black Leather Belt,30.69,46072.jpg,Belts,Black,https://raw.githubusercontent.com/Delocy/rdai-project/main/data/images/46072.jpg
Gas Men Eldorado Tan Casual  Sandals,25.75,22537.jpg,Sandals,Tan,https://raw.githubusercontent.com/Delocy/rdai-project/main/data/images/22537.jpg
Enamor Women Pack of 3 Mid-Rise Bikini Brief,52.22,28831.jpg,Briefs,Brown,https://raw.githubusercontent.com/Delocy/rdai-project/main/data/images/28831.jpg
French Connection Men White T-shirt,19.9,43500.jpg,Tshirts,White,https://raw.githubusercontent.com/Delocy/rdai-project/main/data/images/43500.jpg
Carlton London Women Wedge Silver Sandal,54.75,2627.jpg,Flats,Silver,https://raw.githubusercontent.com/Delocy/rdai-project/main/data/images/2627.jpg
Yelloe Off White Fur Zip Clutch,65.48,27045.jpg,Clutches,Off White,https://raw.githubusercontent.com/Delocy/rdai-project/main/data/images/27045.jpg
Palm Tree Kids Girls Printed White Tops,43.75,13270.jpg,Tops,White,https://raw.githubusercontent.com/Delocy/rdai-project/main/data/images/13270.jpg
Hanes Men Grey Ultimate Duo Dry Cotton Stretch Bikini Briefs,56.34,18698.jpg,Briefs,Grey,https://raw.githubusercontent.com/Delocy/rdai-project/main/data/images/18698.jpg
Revlon Super Lusterous Lipstick 304,34.0,55465.jpg,Lipstick,Red,https://raw.githubusercontent.com/Delocy/rdai-project/main/data/images/55465.jpg
Formula 1 Go Men Perfume,60.31,26197.jpg,Perfume and Body Mist,Green,https://raw.githubusercontent.com/Delocy/rdai-project/main/data/images/26197.jpg
Palm Tree Girls Pink Top,24.0,31120.jpg,Tops,Pink,https://raw.githubusercontent.com/Delocy/rdai-project/main/data/images/31120.jpg
ADIDAS Unisex Blue Cap,71.48,25712.jpg,Caps,Blue,https://raw.githubusercontent.com/Delocy/rdai-project/main/data/images/25712.jpg
United Colors of Benetton Men Olive Tshirts,16.65,11527.jpg,Tshirts,Olive,https://raw.githubusercontent.com/Delocy/rdai-project/main/data/images/11527.jpg
United Colors of Benetton Men Solid Black Wallets,46.6,14869.jpg,Wallets,Black,https://raw.githubusercontent.com/Delocy/rdai-project/main/data/images/14869.jpg
Tokyo Talkies Women Yellow Top,43.96,40385.jpg,Tops,Yellow,https://raw.githubusercontent.com/Delocy/rdai-project/main/data/images/40385.jpg
Arrow Sport Men Solid White Polo Tshirts,23.3,15187.jpg,Tshirts,White,https://raw.githubusercontent.com/Delocy/rdai-project/main/data/images/15187.jpg
Lotto Women Coral Elegant Flip Flops,14.39,44725.jpg,Flip Flops,Orange,https://raw.githubusercontent.com/Delocy/rdai-project/main/data/images/44725.jpg
Flying Machine Men Check Green Shirts,36.93,14055.jpg,Shirts,Green,https://raw.githubusercontent.com/Delocy/rdai-project/main/data/images/14055.jpg
Wrangler Men Applique Navy Blue Tshirt,30.78,20260.jpg,Tshirts,Navy Blue,https://raw.githubusercontent.com/Delocy/rdai-project/main/data/images/20260.jpg
Puma Men's Winglet II Grey Yellow White Flip Flop,16.09,7731.jpg,Flip Flops,Grey,https://raw.githubusercontent.com/Delocy/rdai-project/main/data/images/7731.jpg
Lee Cooper Men Brown Casual Sandals,57.66,22153.jpg,Sandals,Brown,https://raw.githubusercontent.com/Delocy/rdai-project/main/data/images/22153.jpg
Puma Men Olive Techno Ind Sandal,26.26,43958.jpg,Sandals,Olive,https://raw.githubusercontent.com/Delocy/rdai-project/main/data/images/43958.jpg
Urban Yoga Women Printed Pink T-shirt,15.8,28469.jpg,Tshirts,Pink,https://raw.githubusercontent.com/Delocy/rdai-project/main/data/images/28469.jpg
Chromozome Men Charcoal Trunk Trunks,50.01,50573.jpg,Trunk,Charcoal,https://raw.githubusercontent.com/Delocy/rdai-project/main/data/images/50573.jpg
Palm Tree Boys Check Blue Shirt,30.51,34036.jpg,Shirts,Blue,https://raw.githubusercontent.com/Delocy/rdai-project/main/data/images/34036.jpg
Indigo Nation Men Club Satin Hot Stepper Navy Blue Shirt,22.36,8779.jpg,Shirts,Navy Blue,https://raw.githubusercontent.com/Delocy/rdai-project/main/data/images/8779.jpg
Murcia Women White With Stitch Bag,72.88,3391.jpg,Handbags,White,https://raw.githubusercontent.com/Delocy/rdai-project/main/data/images/3391.jpg
Fastrack Men Black Watch,158.6,43164.jpg,Watches,Black,https://raw.githubusercontent.com/Delocy/rdai-project/main/data/images/43164.jpg
ADIDAS Men Stripe Polo White Polo T-shirt,20.39,2243.jpg,Tshirts,White,https://raw.githubusercontent.com/Delocy/rdai-project/main/data/images/2243.jpg
Lovable Women Fiona Purple Bra,36.7,30496.jpg,Bra,Purple,https://raw.githubusercontent.com/Delocy/rdai-project/main/data/images/30496.jpg
Jockey Women Blue Lounge Pants,69.76,27421.jpg,Lounge Pants,Blue,https://raw.githubusercontent.com/Delocy/rdai-project/main/data/images/27421.jpg
Lotus Herbals Neem & Clove Purifying Face Wash,25.6,57756.jpg,Face Wash and Cleanser,Green,https://raw.githubusercontent.com/Delocy/rdai-project/main/data/images/57756.jpg
Sepia Women Printed Magenta Top,36.91,33213.jpg,Tops,Magenta,https://raw.githubusercontent.com/Delocy/rdai-project/main/data/images/33213.jpg
Arrow Woman Olive Top,34.66,39729.jpg,Tops,Olive,https://raw.githubusercontent.com/Delocy/rdai-project/main/data/images/39729.jpg
Levis Men Grey Innerwear T-Shirt,36.52,25376.jpg,Innerwear Vests,Grey,https://raw.githubusercontent.com/Delocy/rdai-project/main/data/images/25376.jpg
Scullers Men Price Catch Black Shirts,32.55,11143.jpg,Shirts,Black,https://raw.githubusercontent.com/Delocy/rdai-project/main/data/images/11143.jpg
